"","Year","Month","Precipitation"
"1",1911,"Jan",NA
"2",1911,"Feb",NA
"3",1911,"Mar",NA
"4",1911,"Apr",NA
"5",1911,"May",NA
"6",1911,"Jun",NA
"7",1911,"Jul",NA
"8",1911,"Aug",3.24
"9",1911,"Sep",4.86
"10",1911,"Oct",2.62
"11",1911,"Nov",2.01
"12",1911,"Dec",3.7
"13",1912,"Jan",2.5
"14",1912,"Feb",3.4
"15",1912,"Mar",3.7
"16",1912,"Apr",5.27
"17",1912,"May",3.9
"18",1912,"Jun",1.28
"19",1912,"Jul",2.62
"20",1912,"Aug",4.61
"21",1912,"Sep",5.56
"22",1912,"Oct",2.6
"23",1912,"Nov",NA
"24",1912,"Dec",NA
"25",1913,"Jan",3.08
"26",1913,"Feb",1.66
"27",1913,"Mar",4.83
"28",1913,"Apr",1.4
"29",1913,"May",3.05
"30",1913,"Jun",2.05
"31",1913,"Jul",0.42
"32",1913,"Aug",NA
"33",1913,"Sep",2.92
"34",1913,"Oct",3.99
"35",1913,"Nov",NA
"36",1913,"Dec",NA
"37",1914,"Jan",NA
"38",1914,"Feb",3.38
"39",1914,"Mar",5.72
"40",1914,"Apr",6.56
"41",1914,"May",2.05
"42",1914,"Jun",NA
"43",1914,"Jul",1.8
"44",1914,"Aug",4.85
"45",1914,"Sep",1.3
"46",1914,"Oct",1.3
"47",1914,"Nov",NA
"48",1914,"Dec",2.05
"49",1915,"Jan",NA
"50",1915,"Feb",3.98
"51",1915,"Mar",NA
"52",1915,"Apr",0.75
"53",1915,"May",3.25
"54",1915,"Jun",NA
"55",1915,"Jul",NA
"56",1915,"Aug",NA
"57",1915,"Sep",NA
"58",1915,"Oct",NA
"59",1915,"Nov",NA
"60",1915,"Dec",NA
"61",1916,"Jan",NA
"62",1916,"Feb",NA
"63",1916,"Mar",NA
"64",1916,"Apr",NA
"65",1916,"May",NA
"66",1916,"Jun",NA
"67",1916,"Jul",NA
"68",1916,"Aug",NA
"69",1916,"Sep",6
"70",1916,"Oct",2.5
"71",1916,"Nov",3.04
"72",1916,"Dec",NA
"73",1917,"Jan",NA
"74",1917,"Feb",NA
"75",1917,"Mar",1.84
"76",1917,"Apr",3.5
"77",1917,"May",NA
"78",1917,"Jun",NA
"79",1917,"Jul",3.76
"80",1917,"Aug",6.39
"81",1917,"Sep",NA
"82",1917,"Oct",NA
"83",1917,"Nov",0.65
"84",1917,"Dec",3.44
"85",1918,"Jan",NA
"86",1918,"Feb",1.43
"87",1918,"Mar",NA
"88",1918,"Apr",NA
"89",1918,"May",4.33
"90",1918,"Jun",2.95
"91",1918,"Jul",NA
"92",1918,"Aug",6.39
"93",1918,"Sep",4.95
"94",1918,"Oct",3.5
"95",1918,"Nov",2.65
"96",1918,"Dec",1.5
"97",1919,"Jan",1.9
"98",1919,"Feb",0.7
"99",1919,"Mar",1.65
"100",1919,"Apr",3.99
"101",1919,"May",3.33
"102",1919,"Jun",3.45
"103",1919,"Jul",5.66
"104",1919,"Aug",0.65
"105",1919,"Sep",2.95
"106",1919,"Oct",2.57
"107",1919,"Nov",2.4
"108",1919,"Dec",1.65
"109",1920,"Jan",1.9
"110",1920,"Feb",3.92
"111",1920,"Mar",0.8
"112",1920,"Apr",2.69
"113",1920,"May",0.5
"114",1920,"Jun",2.4
"115",1920,"Jul",4.76
"116",1920,"Aug",2.51
"117",1920,"Sep",6.91
"118",1920,"Oct",1.69
"119",1920,"Nov",2.26
"120",1920,"Dec",1.6
"121",1921,"Jan",1.07
"122",1921,"Feb",1.6
"123",1921,"Mar",2.15
"124",1921,"Apr",3.35
"125",1921,"May",1.85
"126",1921,"Jun",2.76
"127",1921,"Jul",3.96
"128",1921,"Aug",5.42
"129",1921,"Sep",1.92
"130",1921,"Oct",2.7
"131",1921,"Nov",NA
"132",1921,"Dec",1.65
"133",1922,"Jan",4.65
"134",1922,"Feb",NA
"135",1922,"Mar",3.86
"136",1922,"Apr",3.73
"137",1922,"May",3.55
"138",1922,"Jun",10.32
"139",1922,"Jul",2.05
"140",1922,"Aug",4.6
"141",1922,"Sep",1.03
"142",1922,"Oct",2.37
"143",1922,"Nov",1.8
"144",1922,"Dec",2.15
"145",1923,"Jan",2.02
"146",1923,"Feb",1.05
"147",1923,"Mar",0.9
"148",1923,"Apr",NA
"149",1923,"May",2.8
"150",1923,"Jun",3.65
"151",1923,"Jul",4.45
"152",1923,"Aug",1.56
"153",1923,"Sep",3.2
"154",1923,"Oct",2.65
"155",1923,"Nov",2.15
"156",1923,"Dec",1.75
"157",1924,"Jan",NA
"158",1924,"Feb",2.3
"159",1924,"Mar",NA
"160",1924,"Apr",2.1
"161",1924,"May",3.94
"162",1924,"Jun",3.65
"163",1924,"Jul",5.65
"164",1924,"Aug",2.65
"165",1924,"Sep",6.55
"166",1924,"Oct",0.1
"167",1924,"Nov",NA
"168",1924,"Dec",NA
"169",1925,"Jan",NA
"170",1925,"Feb",1.5
"171",1925,"Mar",NA
"172",1925,"Apr",2.81
"173",1925,"May",3.43
"174",1925,"Jun",4.85
"175",1925,"Jul",6.65
"176",1925,"Aug",3.35
"177",1925,"Sep",3.75
"178",1925,"Oct",2.38
"179",1925,"Nov",1.14
"180",1925,"Dec",NA
"181",1926,"Jan",3.53
"182",1926,"Feb",2.05
"183",1926,"Mar",1.41
"184",1926,"Apr",3.89
"185",1926,"May",0.74
"186",1926,"Jun",4.08
"187",1926,"Jul",4.11
"188",1926,"Aug",2.83
"189",1926,"Sep",6.58
"190",1926,"Oct",5.31
"191",1926,"Nov",4.57
"192",1926,"Dec",2.89
"193",1927,"Jan",NA
"194",1927,"Feb",2.92
"195",1927,"Mar",2.41
"196",1927,"Apr",2.52
"197",1927,"May",3.68
"198",1927,"Jun",2.44
"199",1927,"Jul",5.31
"200",1927,"Aug",2.4
"201",1927,"Sep",0.27
"202",1927,"Oct",6.63
"203",1927,"Nov",5.21
"204",1927,"Dec",3.03
"205",1928,"Jan",1.89
"206",1928,"Feb",2.34
"207",1928,"Mar",4.32
"208",1928,"Apr",2.74
"209",1928,"May",1.99
"210",1928,"Jun",4.85
"211",1928,"Jul",3.67
"212",1928,"Aug",4.4
"213",1928,"Sep",1.51
"214",1928,"Oct",3.29
"215",1928,"Nov",3.48
"216",1928,"Dec",1.65
"217",1929,"Jan",3.95
"218",1929,"Feb",4.16
"219",1929,"Mar",3.12
"220",1929,"Apr",6.76
"221",1929,"May",4.72
"222",1929,"Jun",3.18
"223",1929,"Jul",3.64
"224",1929,"Aug",3.44
"225",1929,"Sep",2.61
"226",1929,"Oct",5.03
"227",1929,"Nov",3.67
"228",1929,"Dec",4.96
"229",1930,"Jan",2.69
"230",1930,"Feb",1.15
"231",1930,"Mar",2.59
"232",1930,"Apr",1.79
"233",1930,"May",4.31
"234",1930,"Jun",5.08
"235",1930,"Jul",3.13
"236",1930,"Aug",2.35
"237",1930,"Sep",4.51
"238",1930,"Oct",1.04
"239",1930,"Nov",1.91
"240",1930,"Dec",2.04
"241",1931,"Jan",1.5
"242",1931,"Feb",2.23
"243",1931,"Mar",1.44
"244",1931,"Apr",3.4
"245",1931,"May",5.21
"246",1931,"Jun",1.45
"247",1931,"Jul",4.44
"248",1931,"Aug",4.14
"249",1931,"Sep",1.87
"250",1931,"Oct",2.24
"251",1931,"Nov",3.51
"252",1931,"Dec",2.48
"253",1932,"Jan",3.49
"254",1932,"Feb",3.11
"255",1932,"Mar",4.03
"256",1932,"Apr",2.03
"257",1932,"May",1.73
"258",1932,"Jun",4.74
"259",1932,"Jul",4.14
"260",1932,"Aug",4.34
"261",1932,"Sep",1.96
"262",1932,"Oct",7.26
"263",1932,"Nov",6.47
"264",1932,"Dec",1.19
"265",1933,"Jan",1.06
"266",1933,"Feb",1.94
"267",1933,"Mar",3.2
"268",1933,"Apr",4.05
"269",1933,"May",2.87
"270",1933,"Jun",1.18
"271",1933,"Jul",1.37
"272",1933,"Aug",8.71
"273",1933,"Sep",4.7
"274",1933,"Oct",2.92
"275",1933,"Nov",1.83
"276",1933,"Dec",1.86
"277",1934,"Jan",2.15
"278",1934,"Feb",0.73
"279",1934,"Mar",2.35
"280",1934,"Apr",2.77
"281",1934,"May",1.38
"282",1934,"Jun",4.93
"283",1934,"Jul",1.76
"284",1934,"Aug",3.2
"285",1934,"Sep",6.27
"286",1934,"Oct",2.22
"287",1934,"Nov",2.67
"288",1934,"Dec",2.92
"289",1935,"Jan",2.35
"290",1935,"Feb",1.52
"291",1935,"Mar",2.04
"292",1935,"Apr",2.45
"293",1935,"May",2.77
"294",1935,"Jun",3.1
"295",1935,"Jul",10.17
"296",1935,"Aug",1.78
"297",1935,"Sep",2.41
"298",1935,"Oct",6.4
"299",1935,"Nov",2.19
"300",1935,"Dec",2.25
"301",1936,"Jan",2.51
"302",1936,"Feb",1.36
"303",1936,"Mar",4.01
"304",1936,"Apr",3.4
"305",1936,"May",3.92
"306",1936,"Jun",1.1
"307",1936,"Jul",1.31
"308",1936,"Aug",4.44
"309",1936,"Sep",3.56
"310",1936,"Oct",4.66
"311",1936,"Nov",2.53
"312",1936,"Dec",2.54
"313",1937,"Jan",4.53
"314",1937,"Feb",1.76
"315",1937,"Mar",NA
"316",1937,"Apr",3.6
"317",1937,"May",NA
"318",1937,"Jun",6.21
"319",1937,"Jul",4.17
"320",1937,"Aug",3.69
"321",1937,"Sep",2.38
"322",1937,"Oct",6.34
"323",1937,"Nov",2.39
"324",1937,"Dec",1.65
"325",1938,"Jan",3.09
"326",1938,"Feb",2.36
"327",1938,"Mar",2.49
"328",1938,"Apr",2.67
"329",1938,"May",3.1
"330",1938,"Jun",1.83
"331",1938,"Jul",3.31
"332",1938,"Aug",4.98
"333",1938,"Sep",5.33
"334",1938,"Oct",0.66
"335",1938,"Nov",1.74
"336",1938,"Dec",3.59
"337",1939,"Jan",1.71
"338",1939,"Feb",3.16
"339",1939,"Mar",2.38
"340",1939,"Apr",1.88
"341",1939,"May",1.5
"342",1939,"Jun",2.59
"343",1939,"Jul",1.38
"344",1939,"Aug",3.94
"345",1939,"Sep",1.25
"346",1939,"Oct",3.54
"347",1939,"Nov",1.76
"348",1939,"Dec",3.77
"349",1940,"Jan",0.95
"350",1940,"Feb",3.26
"351",1940,"Mar",4.41
"352",1940,"Apr",3.17
"353",1940,"May",4.02
"354",1940,"Jun",4.91
"355",1940,"Jul",3.61
"356",1940,"Aug",3.04
"357",1940,"Sep",2.83
"358",1940,"Oct",1.35
"359",1940,"Nov",2.37
"360",1940,"Dec",2.86
"361",1941,"Jan",1.73
"362",1941,"Feb",1.94
"363",1941,"Mar",3.01
"364",1941,"Apr",2.13
"365",1941,"May",1.54
"366",1941,"Jun",3.23
"367",1941,"Jul",5.08
"368",1941,"Aug",1.99
"369",1941,"Sep",3.72
"370",1941,"Oct",4.44
"371",1941,"Nov",1.54
"372",1941,"Dec",2.65
"373",1942,"Jan",1.01
"374",1942,"Feb",1.89
"375",1942,"Mar",2.96
"376",1942,"Apr",2.25
"377",1942,"May",5.41
"378",1942,"Jun",2.34
"379",1942,"Jul",2.83
"380",1942,"Aug",3.57
"381",1942,"Sep",4.82
"382",1942,"Oct",4.09
"383",1942,"Nov",2.85
"384",1942,"Dec",6.42
"385",1943,"Jan",1.97
"386",1943,"Feb",1.89
"387",1943,"Mar",3.21
"388",1943,"Apr",2.95
"389",1943,"May",5
"390",1943,"Jun",3.95
"391",1943,"Jul",7.28
"392",1943,"Aug",6.31
"393",1943,"Sep",0.5
"394",1943,"Oct",4.95
"395",1943,"Nov",3.38
"396",1943,"Dec",0.78
"397",1944,"Jan",1.85
"398",1944,"Feb",2.35
"399",1944,"Mar",3.39
"400",1944,"Apr",3.41
"401",1944,"May",4.57
"402",1944,"Jun",4.52
"403",1944,"Jul",2.33
"404",1944,"Aug",3.14
"405",1944,"Sep",4.9
"406",1944,"Oct",4.57
"407",1944,"Nov",3.26
"408",1944,"Dec",2.56
"409",1945,"Jan",3.13
"410",1945,"Feb",2.33
"411",1945,"Mar",1.98
"412",1945,"Apr",3.85
"413",1945,"May",4.98
"414",1945,"Jun",5.17
"415",1945,"Jul",4.81
"416",1945,"Aug",2.11
"417",1945,"Sep",7.47
"418",1945,"Oct",6.59
"419",1945,"Nov",4.57
"420",1945,"Dec",1.07
"421",1946,"Jan",1.36
"422",1946,"Feb",2.45
"423",1946,"Mar",0.97
"424",1946,"Apr",1.92
"425",1946,"May",4.13
"426",1946,"Jun",NA
"427",1946,"Jul",3.76
"428",1946,"Aug",2.46
"429",1946,"Sep",5.75
"430",1946,"Oct",4.06
"431",1946,"Nov",1.57
"432",1946,"Dec",2.69
"433",1947,"Jan",3.57
"434",1947,"Feb",1.58
"435",1947,"Mar",3.36
"436",1947,"Apr",3.66
"437",1947,"May",7.36
"438",1947,"Jun",5.73
"439",1947,"Jul",5.82
"440",1947,"Aug",2
"441",1947,"Sep",4.05
"442",1947,"Oct",3.12
"443",1947,"Nov",2.98
"444",1947,"Dec",2.24
"445",1948,"Jan",2.26
"446",1948,"Feb",1.9
"447",1948,"Mar",2.37
"448",1948,"Apr",4.53
"449",1948,"May",5.55
"450",1948,"Jun",5.97
"451",1948,"Jul",3.98
"452",1948,"Aug",6
"453",1948,"Sep",0.66
"454",1948,"Oct",2.04
"455",1948,"Nov",4.34
"456",1948,"Dec",3.01
"457",1949,"Jan",3.44
"458",1949,"Feb",1.71
"459",1949,"Mar",1.64
"460",1949,"Apr",3.4
"461",1949,"May",3.39
"462",1949,"Jun",1.11
"463",1949,"Jul",4.86
"464",1949,"Aug",4.71
"465",1949,"Sep",5.86
"466",1949,"Oct",1.65
"467",1949,"Nov",2.49
"468",1949,"Dec",2.66
"469",1950,"Jan",4.1
"470",1950,"Feb",4.6
"471",1950,"Mar",3.42
"472",1950,"Apr",2.77
"473",1950,"May",2.3
"474",1950,"Jun",4.56
"475",1950,"Jul",3.51
"476",1950,"Aug",3.06
"477",1950,"Sep",4.96
"478",1950,"Oct",2.22
"479",1950,"Nov",4.11
"480",1950,"Dec",3.93
"481",1951,"Jan",2.53
"482",1951,"Feb",4.82
"483",1951,"Mar",4.17
"484",1951,"Apr",4.3
"485",1951,"May",1.89
"486",1951,"Jun",4.48
"487",1951,"Jul",5.53
"488",1951,"Aug",3.27
"489",1951,"Sep",3.72
"490",1951,"Oct",1.89
"491",1951,"Nov",4.05
"492",1951,"Dec",3.58
"493",1952,"Jan",2.2
"494",1952,"Feb",1.93
"495",1952,"Mar",2.8
"496",1952,"Apr",2.22
"497",1952,"May",4.53
"498",1952,"Jun",1.88
"499",1952,"Jul",5.73
"500",1952,"Aug",2.13
"501",1952,"Sep",1.57
"502",1952,"Oct",2.58
"503",1952,"Nov",2.55
"504",1952,"Dec",4.45
"505",1953,"Jan",3.17
"506",1953,"Feb",3.28
"507",1953,"Mar",3.7
"508",1953,"Apr",3
"509",1953,"May",5.46
"510",1953,"Jun",2.87
"511",1953,"Jul",1.77
"512",1953,"Aug",3.57
"513",1953,"Sep",2.63
"514",1953,"Oct",2.97
"515",1953,"Nov",1.47
"516",1953,"Dec",2.51
"517",1954,"Jan",2.61
"518",1954,"Feb",2.97
"519",1954,"Mar",3.28
"520",1954,"Apr",3.63
"521",1954,"May",3.8
"522",1954,"Jun",5.29
"523",1954,"Jul",0.23
"524",1954,"Aug",5.06
"525",1954,"Sep",3.49
"526",1954,"Oct",1.25
"527",1954,"Nov",5.14
"528",1954,"Dec",4.41
"529",1955,"Jan",1.25
"530",1955,"Feb",2.9
"531",1955,"Mar",4.9
"532",1955,"Apr",2.24
"533",1955,"May",2.93
"534",1955,"Jun",2.12
"535",1955,"Jul",2.94
"536",1955,"Aug",3.27
"537",1955,"Sep",1.8
"538",1955,"Oct",7.57
"539",1955,"Nov",1.62
"540",1955,"Dec",2.35
"541",1956,"Jan",2.09
"542",1956,"Feb",3.2
"543",1956,"Mar",5.53
"544",1956,"Apr",3.62
"545",1956,"May",2.87
"546",1956,"Jun",1.91
"547",1956,"Jul",2.9
"548",1956,"Aug",3.36
"549",1956,"Sep",3.37
"550",1956,"Oct",1.71
"551",1956,"Nov",2.76
"552",1956,"Dec",3.15
"553",1957,"Jan",2.56
"554",1957,"Feb",1.44
"555",1957,"Mar",2.09
"556",1957,"Apr",2.67
"557",1957,"May",2.91
"558",1957,"Jun",4.3
"559",1957,"Jul",3.86
"560",1957,"Aug",4.03
"561",1957,"Sep",2.74
"562",1957,"Oct",1.73
"563",1957,"Nov",1.6
"564",1957,"Dec",3.12
"565",1958,"Jan",4.53
"566",1958,"Feb",5.41
"567",1958,"Mar",2.64
"568",1958,"Apr",3.35
"569",1958,"May",4.55
"570",1958,"Jun",4.4
"571",1958,"Jul",5.52
"572",1958,"Aug",3.34
"573",1958,"Sep",4.86
"574",1958,"Oct",4.22
"575",1958,"Nov",3.06
"576",1958,"Dec",1.54
"577",1959,"Jan",4.57
"578",1959,"Feb",2.55
"579",1959,"Mar",3.71
"580",1959,"Apr",2.86
"581",1959,"May",2.11
"582",1959,"Jun",2.93
"583",1959,"Jul",1.31
"584",1959,"Aug",3.36
"585",1959,"Sep",0.18
"586",1959,"Oct",6.9
"587",1959,"Nov",5.14
"588",1959,"Dec",4.26
"589",1960,"Jan",2.49
"590",1960,"Feb",3.79
"591",1960,"Mar",1.39
"592",1960,"Apr",3.83
"593",1960,"May",4.33
"594",1960,"Jun",3.35
"595",1960,"Jul",2.34
"596",1960,"Aug",5.22
"597",1960,"Sep",3.37
"598",1960,"Oct",2.34
"599",1960,"Nov",2.79
"600",1960,"Dec",1.14
"601",1961,"Jan",1.47
"602",1961,"Feb",4.37
"603",1961,"Mar",2.2
"604",1961,"Apr",3.03
"605",1961,"May",3.69
"606",1961,"Jun",5.5
"607",1961,"Jul",4.72
"608",1961,"Aug",2.56
"609",1961,"Sep",1.69
"610",1961,"Oct",2.4
"611",1961,"Nov",3.11
"612",1961,"Dec",2.13
"613",1962,"Jan",2.52
"614",1962,"Feb",2.64
"615",1962,"Mar",1.45
"616",1962,"Apr",4.47
"617",1962,"May",1.12
"618",1962,"Jun",2
"619",1962,"Jul",1.84
"620",1962,"Aug",4.88
"621",1962,"Sep",2.74
"622",1962,"Oct",4.99
"623",1962,"Nov",2.42
"624",1962,"Dec",3.27
"625",1963,"Jan",1.88
"626",1963,"Feb",2.23
"627",1963,"Mar",3.45
"628",1963,"Apr",1.86
"629",1963,"May",4.48
"630",1963,"Jun",2.79
"631",1963,"Jul",3.32
"632",1963,"Aug",6.14
"633",1963,"Sep",1.01
"634",1963,"Oct",0.27
"635",1963,"Nov",5.09
"636",1963,"Dec",2.99
"637",1964,"Jan",2.37
"638",1964,"Feb",1.76
"639",1964,"Mar",3.8
"640",1964,"Apr",2.27
"641",1964,"May",4.98
"642",1964,"Jun",2.07
"643",1964,"Jul",1.53
"644",1964,"Aug",3.64
"645",1964,"Sep",1.71
"646",1964,"Oct",0.93
"647",1964,"Nov",2.24
"648",1964,"Dec",2.56
"649",1965,"Jan",2.79
"650",1965,"Feb",1.92
"651",1965,"Mar",0.65
"652",1965,"Apr",1.97
"653",1965,"May",1.8
"654",1965,"Jun",NA
"655",1965,"Jul",3.5
"656",1965,"Aug",3.18
"657",1965,"Sep",4.43
"658",1965,"Oct",1.42
"659",1965,"Nov",2.57
"660",1965,"Dec",1.8
"661",1966,"Jan",NA
"662",1966,"Feb",NA
"663",1966,"Mar",3.26
"664",1966,"Apr",2.84
"665",1966,"May",2.64
"666",1966,"Jun",4
"667",1966,"Jul",3.14
"668",1966,"Aug",5.28
"669",1966,"Sep",4.35
"670",1966,"Oct",2.3
"671",1966,"Nov",2.63
"672",1966,"Dec",3.2
"673",1967,"Jan",1.27
"674",1967,"Feb",1.55
"675",1967,"Mar",2.13
"676",1967,"Apr",2.55
"677",1967,"May",3.1
"678",1967,"Jun",1.22
"679",1967,"Jul",5.55
"680",1967,"Aug",6.91
"681",1967,"Sep",2.33
"682",1967,"Oct",3.97
"683",1967,"Nov",3.92
"684",1967,"Dec",2.9
"685",1968,"Jan",1.36
"686",1968,"Feb",0.68
"687",1968,"Mar",2.29
"688",1968,"Apr",1.65
"689",1968,"May",4.2
"690",1968,"Jun",7.03
"691",1968,"Jul",NA
"692",1968,"Aug",NA
"693",1968,"Sep",NA
"694",1968,"Oct",5.2
"695",1968,"Nov",4.67
"696",1968,"Dec",NA
"697",1969,"Jan",NA
"698",1969,"Feb",NA
"699",1969,"Mar",NA
"700",1969,"Apr",NA
"701",1969,"May",NA
"702",1969,"Jun",NA
"703",1969,"Jul",NA
"704",1969,"Aug",NA
"705",1969,"Sep",NA
"706",1969,"Oct",NA
"707",1969,"Nov",NA
"708",1969,"Dec",NA
"709",1970,"Jan",2.26
"710",1970,"Feb",2.26
"711",1970,"Mar",2
"712",1970,"Apr",2.95
"713",1970,"May",3.65
"714",1970,"Jun",4.09
"715",1970,"Jul",NA
"716",1970,"Aug",1.72
"717",1970,"Sep",4.38
"718",1970,"Oct",2.82
"719",1970,"Nov",3.44
"720",1970,"Dec",3.51
"721",1971,"Jan",1.62
"722",1971,"Feb",5.08
"723",1971,"Mar",2.11
"724",1971,"Apr",1.22
"725",1971,"May",NA
"726",1971,"Jun",3.02
"727",1971,"Jul",6.56
"728",1971,"Aug",2.27
"729",1971,"Sep",2.31
"730",1971,"Oct",2.05
"731",1971,"Nov",2.96
"732",1971,"Dec",3.45
"733",1972,"Jan",1.56
"734",1972,"Feb",3.32
"735",1972,"Mar",3.38
"736",1972,"Apr",3.71
"737",1972,"May",4.77
"738",1972,"Jun",12.3
"739",1972,"Jul",2.94
"740",1972,"Aug",2.51
"741",1972,"Sep",4.42
"742",1972,"Oct",NA
"743",1972,"Nov",NA
"744",1972,"Dec",NA
"745",1973,"Jan",NA
"746",1973,"Feb",NA
"747",1973,"Mar",NA
"748",1973,"Apr",NA
"749",1973,"May",NA
"750",1973,"Jun",NA
"751",1973,"Jul",NA
"752",1973,"Aug",NA
"753",1973,"Sep",NA
"754",1973,"Oct",NA
"755",1973,"Nov",NA
"756",1973,"Dec",NA
"757",1974,"Jan",NA
"758",1974,"Feb",NA
"759",1974,"Mar",NA
"760",1974,"Apr",NA
"761",1974,"May",NA
"762",1974,"Jun",NA
"763",1974,"Jul",NA
"764",1974,"Aug",NA
"765",1974,"Sep",NA
"766",1974,"Oct",NA
"767",1974,"Nov",NA
"768",1974,"Dec",NA
"769",1975,"Jan",NA
"770",1975,"Feb",NA
"771",1975,"Mar",NA
"772",1975,"Apr",NA
"773",1975,"May",NA
"774",1975,"Jun",NA
"775",1975,"Jul",NA
"776",1975,"Aug",NA
"777",1975,"Sep",NA
"778",1975,"Oct",NA
"779",1975,"Nov",NA
"780",1975,"Dec",NA
"781",1976,"Jan",NA
"782",1976,"Feb",NA
"783",1976,"Mar",NA
"784",1976,"Apr",NA
"785",1976,"May",NA
"786",1976,"Jun",NA
"787",1976,"Jul",3.58
"788",1976,"Aug",5.12
"789",1976,"Sep",3.02
"790",1976,"Oct",7.56
"791",1976,"Nov",NA
"792",1976,"Dec",NA
"793",1977,"Jan",NA
"794",1977,"Feb",NA
"795",1977,"Mar",NA
"796",1977,"Apr",4.01
"797",1977,"May",4.05
"798",1977,"Jun",3.74
"799",1977,"Jul",3.75
"800",1977,"Aug",3.27
"801",1977,"Sep",8.87
"802",1977,"Oct",NA
"803",1977,"Nov",NA
"804",1977,"Dec",NA
"805",1978,"Jan",NA
"806",1978,"Feb",NA
"807",1978,"Mar",NA
"808",1978,"Apr",NA
"809",1978,"May",NA
"810",1978,"Jun",NA
"811",1978,"Jul",NA
"812",1978,"Aug",NA
"813",1978,"Sep",NA
"814",1978,"Oct",NA
"815",1978,"Nov",NA
"816",1978,"Dec",NA
"817",1979,"Jan",NA
"818",1979,"Feb",NA
"819",1979,"Mar",NA
"820",1979,"Apr",NA
"821",1979,"May",NA
"822",1979,"Jun",NA
"823",1979,"Jul",NA
"824",1979,"Aug",NA
"825",1979,"Sep",NA
"826",1979,"Oct",NA
"827",1979,"Nov",NA
"828",1979,"Dec",NA
"829",1980,"Jan",NA
"830",1980,"Feb",NA
"831",1980,"Mar",NA
"832",1980,"Apr",NA
"833",1980,"May",NA
"834",1980,"Jun",NA
"835",1980,"Jul",2.42
"836",1980,"Aug",2.15
"837",1980,"Sep",2.58
"838",1980,"Oct",3.68
"839",1980,"Nov",NA
"840",1980,"Dec",2.37
"841",1981,"Jan",2.09
"842",1981,"Feb",4.84
"843",1981,"Mar",2.93
"844",1981,"Apr",2.98
"845",1981,"May",2.18
"846",1981,"Jun",5.93
"847",1981,"Jul",3.5
"848",1981,"Aug",2.67
"849",1981,"Sep",8.76
"850",1981,"Oct",6.9
"851",1981,"Nov",2.43
"852",1981,"Dec",4.14
"853",1982,"Jan",4.97
"854",1982,"Feb",2.75
"855",1982,"Mar",4.76
"856",1982,"Apr",NA
"857",1982,"May",3.68
"858",1982,"Jun",5.73
"859",1982,"Jul",3.04
"860",1982,"Aug",2.02
"861",1982,"Sep",3
"862",1982,"Oct",2.07
"863",1982,"Nov",5.05
"864",1982,"Dec",2.12
"865",1983,"Jan",3.19
"866",1983,"Feb",2.24
"867",1983,"Mar",3.23
"868",1983,"Apr",7.56
"869",1983,"May",4.61
"870",1983,"Jun",3.81
"871",1983,"Jul",1.46
"872",1983,"Aug",4.56
"873",1983,"Sep",2.87
"874",1983,"Oct",2.29
"875",1983,"Nov",3.54
"876",1983,"Dec",7.49
"877",1984,"Jan",3.07
"878",1984,"Feb",5.28
"879",1984,"Mar",2.89
"880",1984,"Apr",4.91
"881",1984,"May",6.87
"882",1984,"Jun",3.95
"883",1984,"Jul",5.4
"884",1984,"Aug",4.27
"885",1984,"Sep",3.83
"886",1984,"Oct",2.88
"887",1984,"Nov",3.41
"888",1984,"Dec",NA
"889",1985,"Jan",3.13
"890",1985,"Feb",1.81
"891",1985,"Mar",3.72
"892",1985,"Apr",1.82
"893",1985,"May",2.81
"894",1985,"Jun",5.77
"895",1985,"Jul",2.74
"896",1985,"Aug",1.21
"897",1985,"Sep",6.01
"898",1985,"Oct",2.52
"899",1985,"Nov",NA
"900",1985,"Dec",3.39
"901",1986,"Jan",2.46
"902",1986,"Feb",1.98
"903",1986,"Mar",1.92
"904",1986,"Apr",2.1
"905",1986,"May",4.95
"906",1986,"Jun",2.74
"907",1986,"Jul",6.23
"908",1986,"Aug",4.88
"909",1986,"Sep",3.44
"910",1986,"Oct",2.86
"911",1986,"Nov",3.94
"912",1986,"Dec",2.75
"913",1987,"Jan",3.91
"914",1987,"Feb",1.14
"915",1987,"Mar",1.72
"916",1987,"Apr",3.14
"917",1987,"May",2.61
"918",1987,"Jun",2.79
"919",1987,"Jul",2.28
"920",1987,"Aug",3.18
"921",1987,"Sep",5.84
"922",1987,"Oct",1.91
"923",1987,"Nov",2.47
"924",1987,"Dec",2.45
"925",1988,"Jan",1.27
"926",1988,"Feb",2.76
"927",1988,"Mar",1.11
"928",1988,"Apr",0.77
"929",1988,"May",1.42
"930",1988,"Jun",2.7
"931",1988,"Jul",6.9
"932",1988,"Aug",3.56
"933",1988,"Sep",0.64
"934",1988,"Oct",3.29
"935",1988,"Nov",2.1
"936",1988,"Dec",1.67
"937",1989,"Jan",1.18
"938",1989,"Feb",1.88
"939",1989,"Mar",1.32
"940",1989,"Apr",1.06
"941",1989,"May",5.02
"942",1989,"Jun",3.54
"943",1989,"Jul",1.99
"944",1989,"Aug",3.08
"945",1989,"Sep",5.38
"946",1989,"Oct",5.09
"947",1989,"Nov",NA
"948",1989,"Dec",NA
"949",1990,"Jan",NA
"950",1990,"Feb",3.17
"951",1990,"Mar",2.46
"952",1990,"Apr",3.52
"953",1990,"May",7.6
"954",1990,"Jun",3.81
"955",1990,"Jul",2.91
"956",1990,"Aug",3.83
"957",1990,"Sep",4.57
"958",1990,"Oct",8.25
"959",1990,"Nov",4.11
"960",1990,"Dec",4.03
"961",1991,"Jan",NA
"962",1991,"Feb",1.74
"963",1991,"Mar",1.31
"964",1991,"Apr",4.38
"965",1991,"May",3.19
"966",1991,"Jun",2.22
"967",1991,"Jul",2.74
"968",1991,"Aug",4.41
"969",1991,"Sep",5.32
"970",1991,"Oct",2.19
"971",1991,"Nov",NA
"972",1991,"Dec",NA
"973",1992,"Jan",1.43
"974",1992,"Feb",1.27
"975",1992,"Mar",NA
"976",1992,"Apr",3.63
"977",1992,"May",9.76
"978",1992,"Jun",2.21
"979",1992,"Jul",10.69
"980",1992,"Aug",2.92
"981",1992,"Sep",4.06
"982",1992,"Oct",4.09
"983",1992,"Nov",NA
"984",1992,"Dec",3.09
"985",1993,"Jan",2.89
"986",1993,"Feb",NA
"987",1993,"Mar",NA
"988",1993,"Apr",7.01
"989",1993,"May",1.79
"990",1993,"Jun",NA
"991",1993,"Jul",NA
"992",1993,"Aug",NA
"993",1993,"Sep",NA
"994",1993,"Oct",NA
"995",1993,"Nov",NA
"996",1993,"Dec",NA
"997",1994,"Jan",NA
"998",1994,"Feb",NA
"999",1994,"Mar",NA
"1000",1994,"Apr",3.19
"1001",1994,"May",3.13
"1002",1994,"Jun",6.33
"1003",1994,"Jul",2.18
"1004",1994,"Aug",6.9
"1005",1994,"Sep",3.69
"1006",1994,"Oct",1.01
"1007",1994,"Nov",4.72
"1008",1994,"Dec",3.24
"1009",1995,"Jan",2.56
"1010",1995,"Feb",2.72
"1011",1995,"Mar",1.39
"1012",1995,"Apr",3.13
"1013",1995,"May",NA
"1014",1995,"Jun",1.86
"1015",1995,"Jul",1.41
"1016",1995,"Aug",3.6
"1017",1995,"Sep",NA
"1018",1995,"Oct",NA
"1019",1995,"Nov",5.58
"1020",1995,"Dec",3.62
"1021",1996,"Jan",4.5
"1022",1996,"Feb",2.71
"1023",1996,"Mar",2.33
"1024",1996,"Apr",5.23
"1025",1996,"May",5.67
"1026",1996,"Jun",NA
"1027",1996,"Jul",NA
"1028",1996,"Aug",2.59
"1029",1996,"Sep",4.63
"1030",1996,"Oct",1.79
"1031",1996,"Nov",5.33
"1032",1996,"Dec",5.84
"1033",1997,"Jan",2.55
"1034",1997,"Feb",2.95
"1035",1997,"Mar",4.61
"1036",1997,"Apr",3.63
"1037",1997,"May",3.74
"1038",1997,"Jun",4.05
"1039",1997,"Jul",2.86
"1040",1997,"Aug",3.35
"1041",1997,"Sep",2.84
"1042",1997,"Oct",2.29
"1043",1997,"Nov",4.65
"1044",1997,"Dec",4.3
"1045",1998,"Jan",4.84
"1046",1998,"Feb",4.73
"1047",1998,"Mar",4.38
"1048",1998,"Apr",2.82
"1049",1998,"May",4.25
"1050",1998,"Jun",5.1
"1051",1998,"Jul",2.11
"1052",1998,"Aug",3.42
"1053",1998,"Sep",2.35
"1054",1998,"Oct",2.57
"1055",1998,"Nov",3.04
"1056",1998,"Dec",2.36
"1057",1999,"Jan",5.76
"1058",1999,"Feb",1.5
"1059",1999,"Mar",4.48
"1060",1999,"Apr",2.37
"1061",1999,"May",2.46
"1062",1999,"Jun",1.7
"1063",1999,"Jul",3.09
"1064",1999,"Aug",1.67
"1065",1999,"Sep",7.5
"1066",1999,"Oct",3.14
"1067",1999,"Nov",2.48
"1068",1999,"Dec",2.49
"1069",2000,"Jan",5.18
"1070",2000,"Feb",3.95
"1071",2000,"Mar",3.63
"1072",2000,"Apr",5.4
"1073",2000,"May",10.37
"1074",2000,"Jun",5.72
"1075",2000,"Jul",3.56
"1076",2000,"Aug",2.77
"1077",2000,"Sep",2.82
"1078",2000,"Oct",2.69
"1079",2000,"Nov",3.35
"1080",2000,"Dec",3.95
"1081",2001,"Jan",1.98
"1082",2001,"Feb",3.24
"1083",2001,"Mar",7.81
"1084",2001,"Apr",1.14
"1085",2001,"May",2.77
"1086",2001,"Jun",6.71
"1087",2001,"Jul",NA
"1088",2001,"Aug",NA
"1089",2001,"Sep",5.53
"1090",2001,"Oct",2.51
"1091",2001,"Nov",2.99
"1092",2001,"Dec",3.19
"1093",2002,"Jan",2.59
"1094",2002,"Feb",4.61
"1095",2002,"Mar",3.5
"1096",2002,"Apr",4.97
"1097",2002,"May",5.5
"1098",2002,"Jun",6.03
"1099",2002,"Jul",2.17
"1100",2002,"Aug",3.09
"1101",2002,"Sep",7.58
"1102",2002,"Oct",4.39
"1103",2002,"Nov",4.87
"1104",2002,"Dec",5.19
"1105",2003,"Jan",3.86
"1106",2003,"Feb",3.77
"1107",2003,"Mar",3.3
"1108",2003,"Apr",3.44
"1109",2003,"May",5.66
"1110",2003,"Jun",5.15
"1111",2003,"Jul",5.87
"1112",2003,"Aug",NA
"1113",2003,"Sep",6.13
"1114",2003,"Oct",6.8
"1115",2003,"Nov",5.09
"1116",2003,"Dec",5.61
"1117",2004,"Jan",3.5
"1118",2004,"Feb",2.38
"1119",2004,"Mar",3.24
"1120",2004,"Apr",4.16
"1121",2004,"May",5.22
"1122",2004,"Jun",2.51
"1123",2004,"Jul",7.67
"1124",2004,"Aug",7.76
"1125",2004,"Sep",3.91
"1126",2004,"Oct",2.88
"1127",2004,"Nov",5
"1128",2004,"Dec",4.57
"1129",2005,"Jan",4.6
"1130",2005,"Feb",3.22
"1131",2005,"Mar",4.39
"1132",2005,"Apr",5.11
"1133",2005,"May",1.11
"1134",2005,"Jun",2.91
"1135",2005,"Jul",2.17
"1136",2005,"Aug",3.33
"1137",2005,"Sep",4.2
"1138",2005,"Oct",8.77
"1139",2005,"Nov",NA
"1140",2005,"Dec",3.5
"1141",2006,"Jan",4.68
"1142",2006,"Feb",3.33
"1143",2006,"Mar",3.13
"1144",2006,"Apr",3.46
"1145",2006,"May",4.71
"1146",2006,"Jun",11.96
"1147",2006,"Jul",7.8
"1148",2006,"Aug",4.53
"1149",2006,"Sep",4.02
"1150",2006,"Oct",6.85
"1151",2006,"Nov",3.63
"1152",2006,"Dec",3.03
"1153",2007,"Jan",4.76
"1154",2007,"Feb",4.06
"1155",2007,"Mar",5.7
"1156",2007,"Apr",5.53
"1157",2007,"May",0.92
"1158",2007,"Jun",4.85
"1159",2007,"Jul",5.33
"1160",2007,"Aug",2.79
"1161",2007,"Sep",5.26
"1162",2007,"Oct",6.17
"1163",2007,"Nov",5.65
"1164",2007,"Dec",6.28
"1165",2008,"Jan",2.14
"1166",2008,"Feb",5.48
"1167",2008,"Mar",6.72
"1168",2008,"Apr",2.99
"1169",2008,"May",1.94
"1170",2008,"Jun",4.82
"1171",2008,"Jul",6.32
"1172",2008,"Aug",4.38
"1173",2008,"Sep",2.14
"1174",2008,"Oct",6.29
"1175",2008,"Nov",NA
"1176",2008,"Dec",6.19
"1177",2009,"Jan",3.63
"1178",2009,"Feb",2.34
"1179",2009,"Mar",3.68
"1180",2009,"Apr",3.01
"1181",2009,"May",NA
"1182",2009,"Jun",5.31
"1183",2009,"Jul",4.84
"1184",2009,"Aug",4.3
"1185",2009,"Sep",3.47
"1186",2009,"Oct",5.24
"1187",2009,"Nov",2.54
"1188",2009,"Dec",3.28
"1189",2010,"Jan",NA
"1190",2010,"Feb",NA
"1191",2010,"Mar",NA
"1192",2010,"Apr",2.7
"1193",2010,"May",2.86
"1194",2010,"Jun",NA
"1195",2010,"Jul",NA
"1196",2010,"Aug",5.6
"1197",2010,"Sep",NA
"1198",2010,"Oct",NA
"1199",2010,"Nov",NA
"1200",2010,"Dec",NA
"1201",2011,"Jan",3.2
"1202",2011,"Feb",4.43
"1203",2011,"Mar",5.69
"1204",2011,"Apr",7.64
"1205",2011,"May",3.77
"1206",2011,"Jun",3.95
"1207",2011,"Jul",1.75
"1208",2011,"Aug",6.57
"1209",2011,"Sep",NA
"1210",2011,"Oct",4.33
"1211",2011,"Nov",NA
"1212",2011,"Dec",3.71
"1213",2012,"Jan",4.16
"1214",2012,"Feb",1.26
"1215",2012,"Mar",3.15
"1216",2012,"Apr",3.52
"1217",2012,"May",4.63
"1218",2012,"Jun",2.47
"1219",2012,"Jul",1.79
"1220",2012,"Aug",4.6
"1221",2012,"Sep",3.23
"1222",2012,"Oct",4.52
"1223",2012,"Nov",2.09
"1224",2012,"Dec",7.52
"1225",2013,"Jan",NA
"1226",2013,"Feb",2.58
"1227",2013,"Mar",2.72
"1228",2013,"Apr",4.4
"1229",2013,"May",6.03
"1230",2013,"Jun",7.44
"1231",2013,"Jul",7.8
"1232",2013,"Aug",2.58
"1233",2013,"Sep",5.35
"1234",2013,"Oct",3.25
"1235",2013,"Nov",NA
"1236",2013,"Dec",3.7
"1237",2014,"Jan",3.05
"1238",2014,"Feb",4.06
"1239",2014,"Mar",3.86
"1240",2014,"Apr",3.39
"1241",2014,"May",3.85
"1242",2014,"Jun",5.29
"1243",2014,"Jul",6.07
"1244",2014,"Aug",5.75
"1245",2014,"Sep",2.56
"1246",2014,"Oct",5
"1247",2014,"Nov",3.12
"1248",2014,"Dec",4.24
"1249",2015,"Jan",3.88
"1250",2015,"Feb",3.06
"1251",2015,"Mar",2.15
"1252",2015,"Apr",4.09
"1253",2015,"May",4.37
"1254",2015,"Jun",7.97
"1255",2015,"Jul",3.82
"1256",2015,"Aug",2.69
"1257",2015,"Sep",3.64
"1258",2015,"Oct",4.01
"1259",2015,"Nov",1.59
"1260",2015,"Dec",3.62
"1261",2016,"Jan",2.79
"1262",2016,"Feb",5.03
"1263",2016,"Mar",2.89
"1264",2016,"Apr",3.08
"1265",2016,"May",2.13
"1266",2016,"Jun",4.79
"1267",2016,"Jul",3.66
"1268",2016,"Aug",6.31
"1269",2016,"Sep",2.76
"1270",2016,"Oct",7.35
"1271",2016,"Nov",4.32
"1272",2016,"Dec",3.83
"1273",2017,"Jan",3.76
"1274",2017,"Feb",3.89
"1275",2017,"Mar",5.01
"1276",2017,"Apr",6.43
"1277",2017,"May",6.41
"1278",2017,"Jun",6.42
"1279",2017,"Jul",6.23
"1280",2017,"Aug",2.82
"1281",2017,"Sep",2.45
"1282",2017,"Oct",6.45
"1283",2017,"Nov",3.83
"1284",2017,"Dec",NA
"1285",2018,"Jan",NA
"1286",2018,"Feb",3.55
"1287",2018,"Mar",5.57
"1288",2018,"Apr",4.07
"1289",2018,"May",3.77
"1290",2018,"Jun",3.58
"1291",2018,"Jul",3.87
"1292",2018,"Aug",NA
"1293",2018,"Sep",5.66
"1294",2018,"Oct",6.78
"1295",2018,"Nov",NA
"1296",2018,"Dec",3.14
"1297",2019,"Jan",5.26
"1298",2019,"Feb",2.77
"1299",2019,"Mar",NA
"1300",2019,"Apr",3.89
"1301",2019,"May",5.98
"1302",2019,"Jun",NA
"1303",2019,"Jul",NA
"1304",2019,"Aug",NA
"1305",2019,"Sep",3.31
"1306",2019,"Oct",7.34
"1307",2019,"Nov",5.08
"1308",2019,"Dec",4.71
"1309",2020,"Jan",3.97
"1310",2020,"Feb",3.94
"1311",2020,"Mar",2.58
"1312",2020,"Apr",4.02
"1313",2020,"May",5.23
"1314",2020,"Jun",2.17
"1315",2020,"Jul",8.96
"1316",2020,"Aug",5.04
"1317",2020,"Sep",1.92
"1318",2020,"Oct",4.57
"1319",2020,"Nov",3.39
"1320",2020,"Dec",5.45
"1321",2021,"Jan",3.55
"1322",2021,"Feb",NA
"1323",2021,"Mar",1.62
"1324",2021,"Apr",4.01
"1325",2021,"May",3.95
"1326",2021,"Jun",2.84
"1327",2021,"Jul",6.05
"1328",2021,"Aug",8.57
"1329",2021,"Sep",3.43
"1330",2021,"Oct",10.07
"1331",2021,"Nov",NA
"1332",2021,"Dec",3.42
"1333",2022,"Jan",NA
"1334",2022,"Feb",4
"1335",2022,"Mar",4.95
"1336",2022,"Apr",5.41
"1337",2022,"May",3.27
"1338",2022,"Jun",4.23
"1339",2022,"Jul",3.35
"1340",2022,"Aug",5.12
"1341",2022,"Sep",6.61
"1342",2022,"Oct",1.46
"1343",2022,"Nov",4.43
"1344",2022,"Dec",4.46
"1345",2023,"Jan",4.35
"1346",2023,"Feb",2.15
"1347",2023,"Mar",4.58
"1348",2023,"Apr",5.12
"1349",2023,"May",3.65
"1350",2023,"Jun",6.8
"1351",2023,"Jul",4.35
"1352",2023,"Aug",NA
"1353",2023,"Sep",2.41
"1354",2023,"Oct",5.37
"1355",2023,"Nov",2.89
"1356",2023,"Dec",6.66
"1357",2024,"Jan",5.12
"1358",2024,"Feb",1.27
"1359",2024,"Mar",4.87
"1360",2024,"Apr",4.01
"1361",2024,"May",4.58
"1362",2024,"Jun",5.03
"1363",2024,"Jul",3.39
"1364",2024,"Aug",6.42
"1365",2024,"Sep",1.66
"1366",2024,"Oct",2.57
"1367",2024,"Nov",3.74
"1368",2024,"Dec",3.31
"1369",2025,"Jan",NA
"1370",2025,"Feb",NA
"1371",2025,"Mar",NA
"1372",2025,"Apr",NA
"1373",2025,"May",NA
"1374",2025,"Jun",NA
"1375",2025,"Jul",NA
"1376",2025,"Aug",NA
"1377",2025,"Sep",NA
"1378",2025,"Oct",NA
"1379",2025,"Nov",NA
"1380",2025,"Dec",NA
